"Galaxy","Alternative","RA","DEC","Coord ref","Morphology","Radio","AGN type","Resolved","H_alfa","Cavities","Exptime [ks]","ACIS","Radio_conf","Mass","Mass+","Mass-","Mass_ref","Sigma","Sigma_e","N_HI4Pi","N_HI","N_Htot","z","D_L [Mpc]","D_SBF [Mpc]","Scale_cor","Scale","rcool","rcool_an","Note","x_break","alfa_K1","alfa_K2","alfa_K","alfa_Ke","t_cool/t_ff","t_cool/t_ff-","t_cool/t_ff+","t_cool/t_ff2","t_cool/t_ff2-","t_cool/t_ff2+","Rcool","Rcool+","Rcool_an","alfa","alfa_e","Beta","r_c","sersic","NH_z","NH_z_e","gamma","gamma_e","flux","flux-","flux+","apec","apec-","apec+","kT","kT+","kT-","abund","abund+","abund-","n_e","n_e+","n_e-","c_s","c_s+","c_s-","R_B","R_B+","R_B-","R_B [“]","R_B+[“]","R_B-[“]","Mdot","Mdot+","Mdot-","PBO","PBO+","PBO-","PCB","PCB+","PCB-","PCBB","PCBB+","PCBB-","SIDES_B","PCN","PCN+","PCN-","PCNB","PCNB+","PCNB-","SIDES_N","PCR","PCR+","PCR-","PCRB","PCRB+","PCRB-","SIDES_R","Name","Names","L","L+","L-","Lcool","Lcool+","Lcool-","X-ray center","P","P-","P+","K","K-","K+","K3/2","K3/2+","K3/2-","alfa+","alfa-","Beta+","Beta-","alfa_K1+","alfa_K1-","alfa_K2+","alfa_K2-","sersic+","sersic-","alfa_K+","alfa_K-","Alfa","Alfa_K","Ledd","Ledd+","Ledd-","PBondi/Ledd","PBondi/Ledd-","PBondi/Ledd+","Pjet/PBondiB","Pjet/PBondiB-","Pjet/PBondiB+","Pjet/LeddB","Pjet/LeddB-","Pjet/LeddB+","Pjet/PBondiN","Pjet/PBondiN-","Pjet/PBondiN+","Pjet/LeddN","Pjet/LeddN-","Pjet/LeddN+","Pjet/PBondiR","Pjet/PBondiR-","Pjet/PBondiR+","Pjet/LeddR","Pjet/LeddR-","Pjet/LeddR+","L/Ledd","L/Ledd-","L/Ledd+","Lcool/Ledd","Lcool/Ledd-","Lcool/Ledd+","Dagger","Masses","MBH_sq","MBH_sq+","MBH_sq-","Sigmas","References","Temp","Entropy","Pressure","Density","Abund","Sound","Bondi","Cool","TCOOL/TFF","TCOOL/TFF2","NH_Z","Gamma","MBondi","PBondi","PBeta","PRadio","PCadet","Lum_pow","Lum_Edd","Lum_cool","Apec","Flux"
"IC4296","Abell 3565","13:36:39.0325$\:$","-33:57:57.072$\:$","VLBI","E3","FR I","LINER",0,"Extended",1,28.5,"S3","['D']",1300000000,240000000,200000000,0,327.4,5.4,3.96,0.0398,0.0479,0.0125,59.7,49,282,238,3.89,16.346,,0.001,1,1.04,1.07,0.198,9.8,1.5,1.5,7.19,1.14,1.14,3.89,1.547,16.346,0.806,0,0.54,0.23,4.7,238,25,1.9,0,6.79203632617186E-13,5.69033474480255E-14,5.87005975119158E-14,2.42605141178253E-13,9.42046886254427E-15,9.45257678565782E-15,0.62,0.03,0.03,1.03,0.45,0.26,1.125,0.172,0.18,400.9,10.2,11.3,70,18,14,0.29,0.074,0.057,0.0512,0.03905,0.02264,2.9E+044,2.21E+044,1.28E+044,4.61E+041,3.48E+041,1.61E+041,3.74E+041,2.93E+041,1.28E+041,"SE1/NW1",1.48E+042,1.13E+042,5.74E+041,1.33E+042,1.05E+042,5.22E+041,"SE1/NW1",4.33E+043,3.6E+043,1.83E+043,2.37E+043,2.18E+043,1.02E+043,"SE1/NW1","IC4296","IC$\,$4296",1.95120596293827E+041,1.68634192152275E+040,1.63471079246001E+040,6.9695239450124E+040,5.43104403556769E+039,5.41259620401081E+039,"$\:$",0.6975,0.116591691384935,0.111853261463401,0.573178653463191,0.076738866977946,0.079850961744007,2.30443778830991,0.160518515967026,0.154262500729558,0,0,0,0,0,0,0,0,0,0,0.198,0.198,0.81,1.07,1.638E+047,3.024E+046,2.52E+046,0.001770451770452,0.000827550017523,0.001388232839781,0.001589655172414,0.000632659610992,0.001205726973255,2.81440781440781E-06,1.07404883011721E-06,2.18715470719952E-06,0.005103448275862,0.002120339611766,0.003892867381294,9.03540903540904E-06,3.76990818694717E-06,7.09746031525066E-06,0.149310344827586,0.064518153641995,0.119073930997894,0.000264346764347,0.000118893500107,0.000225133353857,1.19121243158624E-06,2.08675277731327E-07,2.42821075396713E-07,4.25489862332869E-07,7.33274186553113E-08,8.52629461302207E-08,,"$1.30\,^{+0.24}_{-0.20}$",1.69E+018,6.24E+017,4.42E+017,"$327\pm5$",,"$0.62\,^{+0.03}_{-0.03}$","$0.57\,^{+0.08}_{-0.08}$","$0.70\,^{+0.11}_{-0.12}$","$1.12\,^{+0.17}_{-0.18}$","$1.03\,^{+0.45}_{-0.26}$","$401\,^{+10}_{-11}$","$70\,^{+18}_{-14}$","$3.9 \pm 1.5$","$9.8_{-1.5}^{+1.5}$","$7.2_{-1.1}^{+1.1}$","$238\pm25$",1.9,"$5.1_{-2.3}^{+3.9} \cdot 10^{-2}$","$2.9_{-1.3}^{+2.2} \cdot 10^{44}$","$4.6_{-1.6}^{+3.5} \cdot 10^{41}$","$4.3_{-1.8}^{+3.6} \cdot 10^{43}$","$1.5_{-0.6}^{+1.1} \cdot 10^{42}$","$2.0_{-0.2}^{+0.2} \cdot 10^{41}$","$1.6_{-0.3}^{+0.3} \cdot 10^{47}$","$7.0_{-0.5}^{+0.5} \cdot 10^{40}$","$2.43_{-0.09}^{+0.09} \cdot 10^{-13}$","$6.79_{-0.57}^{+0.59} \cdot 10^{-13}$"
"NGC507",,"01:23:39.9409$\:^*$","33:15:21.858$\:^*$","X-ray","SA0","FR I",,1,"No","1, 2",62.2,"S3, I3","['C']",2140000000,580000000,460000000,1,292.1,5.9,5.24,0.0525,0.0638,0.0165,69.4,64.6,326,313,4.961,15.85,"density discontinuity",7.6,0.91,0.382,0.604,0.114,13.6,1.25,1.25,11.5,0.163,0.163,4.961,1.878,15.85,1.034,0.04,0.39,0.19,6.7,0,0,1.9,0,,,,2.73212144387849E-13,9.15373675657572E-15,9.08078469012915E-15,0.81,0.03,0.03,0.53,0.14,0.1,0.76,0.068,0.069,457.8,8.3,8.5,88,28,21,0.28,0.09,0.068,0.0629,0.05416,0.02949,3.56E+044,3.07E+044,1.67E+044,1.54E+043,1.15E+043,5.52E+042,9.58E+042,7.5E+042,3.19E+042,"N1/SW1",9.46E+042,7.51E+042,3.82E+042,6.78E+042,5.75E+042,2.78E+042,"SW1/NE1",8.03E+043,5.85E+043,2.83E+043,6.02E+043,4.56E+043,2.06E+043,"NW1/SE1","NGC507","NGC$\,$507",,,,1.36419354569798E+041,9.06837277815986E+039,9.14122513134842E+039,"$\:^*$",0.6156,0.06036167741208,0.059612468494435,0.972618719648275,0.079664354148845,0.080597730053279,1.04252400548697,0.043195276150292,0.042695045809842,0,0,0,0,0,0,0,0,0,0,0.114,0.114,1.03,0.6,2.6964E+047,7.308E+046,5.796E+046,0.001320278890372,0.000681270013547,0.001193462151378,0.043258426966292,0.018058417120306,0.034893551542571,5.71131879543094E-05,2.38706657782702E-05,4.53716241221302E-05,0.026573033707865,0.011630290784407,0.022024315296804,3.50838154576472E-05,1.60492173699954E-05,2.94303668254844E-05,0.225561797752809,0.093582547651687,0.180054452807957,0.000297804480047,0.000122936157079,0.000231483320207,,,,5.05931444035745E-07,1.13913267445714E-07,1.41185716370963E-07,"\:\dagger","$2.14\,^{+0.58\:\dagger}_{-0.46}$",4.5796E+018,2.4824E+018,1.67348E+018,"$292\pm6$",,"$0.81\,^{+0.03}_{-0.03}$","$0.97\,^{+0.08}_{-0.08}$","$0.62\,^{+0.06}_{-0.06}$","$0.76\,^{+0.07}_{-0.07}$","$0.53\,^{+0.14}_{-0.10}$","$458\,^{+8}_{-8}$","$88\,^{+28}_{-21}$","$5.0 \pm 1.9$","$13.6_{-1.2}^{+1.2}$","$11.5_{-0.2}^{+0.2}$",0,1.9,"$6.3_{-2.9}^{+5.4} \cdot 10^{-2}$","$3.6_{-1.7}^{+3.1} \cdot 10^{44}$","$1.5_{-0.6}^{+1.2} \cdot 10^{43}$","$8.0_{-2.8}^{+5.8} \cdot 10^{43}$","$9.5_{-3.8}^{+7.5} \cdot 10^{42}$","nan","$2.7_{-0.6}^{+0.7} \cdot 10^{47}$","$1.4_{-0.1}^{+0.1} \cdot 10^{41}$","$2.73_{-0.09}^{+0.09} \cdot 10^{-13}$","nan"
"NGC708","Abell 262","01:52:46.458$\:$","36:09:06.485$\:$","VLBI","E0","FR I","Sy2",1,"Extended","2, 4",139.4,"S3","['A', 'C']",488000000,75000000,65000000,1,221.8,7.8,6.87,0.0567,0.0714,0.0162,68.7,62.8,323,304,8.707,28.641,,3.25,0.243,0.997,0.927,0.0526,7.53,0.273,0.273,7.78,0.282,0.282,8.707,1.946,28.641,0.343,0.003,0.36,2.05,2.27,0,0,1.9,0,6.5765783735542E-15,4.22152908965819E-15,4.06485180868894E-15,2.22484622928628E-12,6.80952693881092E-14,6.81323625385465E-14,0.96,0.07,0.07,0.35,0.1,0.07,0.169,0.021,0.02,497.2,18.9,19.2,17,4,3,0.056,0.014,0.011,0.00057,0.00039,0.00023,3.2E+042,2.19E+042,1.31E+042,9.06E+042,6.58E+042,3.2E+042,4.2E+042,3.16E+042,1.49E+042,"E1/W1",1.78E+043,1.49E+043,8.29E+042,8.27E+042,7.76E+042,4.45E+042,"W1/E1",8.93E+041,6.51E+041,3.13E+041,3.39E+041,2.54E+041,1.17E+041,"NE1/W1","NGC708","NGC$\,$708",3.10334630763865E+039,1.91811640264476E+039,1.99204905177763E+039,1.04985722643915E+042,6.43004017301561E+040,6.42653948056098E+040,"$\:$",0.16224,0.022551915661425,0.023374655077669,3.14060581132054,0.39239475439096,0.38017654744602,0.17967177366769,0.010874811850037,0.01122430921531,0,0,0,0,0,0,0,0,0,0,0.0526,0.0526,0.34,0.93,6.1488E+046,9.45E+045,8.19E+045,5.20426749934947E-05,2.24043115749496E-05,3.6503746636157E-05,2.83125,1.08244644288039,1.99782383061524,0.000147345823575,5.56203122515295E-05,0.000109382545182,5.5625,2.43892834017665,4.25280283563331,0.000289487379651,0.000140228509458,0.000246374141005,0.2790625,0.10634458009865,0.197308736356233,1.45231589903721E-05,5.44559134831459E-06,1.08201536626063E-05,5.04707635252187E-08,3.30874851237007E-08,3.21448881488753E-08,1.70741807578577E-05,2.50289404278932E-06,2.82480098165722E-06,"\:\dagger","$0.49\,^{+0.07\:\dagger}_{-0.07}$",2.38144E+017,7.32E+016,5.3924E+016,"$222\pm8$",,"$0.96\,^{+0.07}_{-0.07}$","$3.14\,^{+0.38}_{-0.39}$","$0.16\,^{+0.02}_{-0.02}$","$0.17\,^{+0.02}_{-0.02}$","$0.35\,^{+0.10}_{-0.07}$","$497\,^{+19}_{-19}$","$17\,^{+4}_{-3}$","$8.7 \pm 1.9$","$7.5_{-0.3}^{+0.3}$","$7.8_{-0.3}^{+0.3}$",0,1.9,"$5.7_{-2.3}^{+3.9} \cdot 10^{-4}$","$3.2_{-1.3}^{+2.2} \cdot 10^{42}$","$9.1_{-3.2}^{+6.6} \cdot 10^{42}$","$8.9_{-3.1}^{+6.5} \cdot 10^{41}$","$1.8_{-0.8}^{+1.5} \cdot 10^{43}$","$3.1_{-2.0}^{+1.9} \cdot 10^{39}$","$6.1_{-0.8}^{+0.9} \cdot 10^{46}$","$1.0_{-0.1}^{+0.1} \cdot 10^{42}$","$2.22_{-0.07}^{+0.07} \cdot 10^{-12}$","$6.58_{-4.22}^{+4.06} \cdot 10^{-15}$"
"NGC1316","Fornax A","03:22:41.7052$\:$","-37:12:28.557$\:$","ALMA","S0/SAB0","FR I","LINER",1,"Extended","1, 4",228.4,"S3","['A']",169000000,28000000,30000000,0,223.1,3.3,2.11,0.024,0.0256,0.0059,24.5,22.7,117,110,8.167,74.25,"4th brightest radio source in the sky, merged 3Gyr ago",7.05,0.689,1.06,0.775,0.127,10.7,1.05,1.05,8.91,1.15,1.15,8.167,1.249,74.25,0.374,0,0.6,0.52,1.65,0,0,1.57,0.11,6.87068440014232E-14,3.39378873667601E-15,3.23805379894666E-15,7.73036499601132E-13,3.29201468189085E-14,3.30840642627583E-14,0.67,0.09,0.11,0.56,0.16,0.11,0.423,0.057,0.055,416.7,26.6,33.8,8,3,2,0.076,0.029,0.021,0.00029,0.00029,0.00015,1.64E+042,1.62E+042,8.39E+041,6.77E+041,5.07E+041,2.45E+041,4.21E+041,3.23E+041,1.53E+041,"SE1/NW1",9.4E+041,7.29E+041,3.65E+041,6.09E+041,4.86E+041,2.39E+041,"SE1/NW1",1.72E+041,1.33E+041,5.47E+040,7.6E+040,6.18E+040,2.37E+040,"E1/NW1","NGC1316","NGC$\,$1316",4.23606552051749E+039,1.99639617430463E+038,2.09241330471475E+038,4.76609471684373E+040,4.07954304811766E+039,4.0593306502934E+039,"$\:$",0.28341,0.059354556691125,0.053924029893917,1.18899827474418,0.234989314468419,0.203575368598711,0.771308581533091,0.066030133148314,0.076219317835876,0,0,0,0,0,0,0,0,0,0,0.127,0.127,0.37,0.78,2.1294E+046,3.528E+045,3.78E+045,7.70170000939232E-05,4.17053340740911E-05,7.7140455528648E-05,0.41280487804878,0.182915993777892,0.361834479812304,3.17929933314549E-05,1.2815233721195E-05,2.43852363217319E-05,0.573170731707317,0.260302452253945,0.50899501007244,4.41438902977365E-05,1.88472565469802E-05,3.50075180907468E-05,0.104878048780488,0.044672286135215,0.093031116249231,8.07739269277731E-06,2.9418823715201E-06,6.38765287044908E-06,1.98932352799732E-07,3.66550812673789E-08,3.42667080151039E-08,2.23823364179756E-06,4.40685419674706E-07,4.17396301038452E-07,,"$0.17\,^{+0.03}_{-0.03}$",2.8561E+016,9.464E+015,8619000000000000,"$223\pm3$",,"$0.67\,^{+0.09}_{-0.11}$","$1.19\,^{+0.20}_{-0.23}$","$0.28\,^{+0.05}_{-0.06}$","$0.42\,^{+0.06}_{-0.06}$","$0.56\,^{+0.16}_{-0.11}$","$417\,^{+27}_{-34}$","$8\,^{+3}_{-2}$","$8.2 \pm 1.2$","$10.7_{-1.1}^{+1.1}$","$8.9_{-1.1}^{+1.1}$",0,"$1.57\pm0.11$","$2.9_{-1.5}^{+2.9} \cdot 10^{-4}$","$1.6_{-0.8}^{+1.6} \cdot 10^{42}$","$6.8_{-2.4}^{+5.1} \cdot 10^{41}$","$1.7_{-0.5}^{+1.3} \cdot 10^{41}$","$9.4_{-3.6}^{+7.3} \cdot 10^{41}$","$4.2_{-0.2}^{+0.2} \cdot 10^{39}$","$2.1_{-0.4}^{+0.4} \cdot 10^{46}$","$4.8_{-0.4}^{+0.4} \cdot 10^{40}$","$7.73_{-0.33}^{+0.33} \cdot 10^{-13}$","$6.87_{-0.34}^{+0.32} \cdot 10^{-14}$"
"NGC1399","Fornax c.","03:38:29.0170$\:$","-35:27:01.507$\:$","VLBI","E1","FR I","S2",0,"No","3, 4",204.5,"S3","['A', 'C']",1260000000,520000000,630000000,0,332.2,5.3,1.39,0.015,0.0156,0.0048,19.5,21.1,117,103,4.065,39.468,,0.296,0.0835,0.865,0.805,0.129,17,0.829,0.829,12.4,0.604,0.604,4.065,0.796,39.468,0.317,0,0.63,0.4,1.02,0,0,1.9,0,1.0069316688518E-14,4.22141584707324E-15,4.12125852837285E-15,2.33560824662522E-12,3.23737851475786E-13,3.23279484079864E-13,1.11,0.03,0.03,1.05,0.13,0.11,0.521,0.034,0.034,534.3,7.7,7.3,38,17,20,0.37,0.17,0.19,0.00941,0.01144,0.0073,5.33E+043,6.48E+043,4.13E+043,2.84E+041,2.03E+041,9.99E+040,1.9E+041,1.36E+041,6.6E+040,"N1/S1",7.58E+041,5.45E+041,2.66E+041,3.57E+041,2.62E+041,1.23E+041,"S1/N1",3.36E+041,2.44E+041,1.22E+041,2.21E+041,1.63E+041,8.09E+040,"S1/N1","NGC1399","NGC$\,$1399",5.36384062275147E+038,2.19535988341237E+038,2.24871284780206E+038,1.24415894142718E+041,3.44416544409016E+040,3.44904881350727E+040,"$\:$",0.57831,0.040848555666021,0.040848555666021,1.71434343996172,0.102425793214853,0.102425793214853,0.445505689898245,0.013308673339858,0.013308673339858,0,0,0,0,0,0,0,0,0,0,0.129,0.129,0.32,0.81,1.5876E+047,6.552E+046,7.938E+046,0.000335726883346,0.000309598972163,0.000431038801874,0.005328330206379,0.003206181650987,0.005313650342158,1.7888636936256E-06,1.09360231867072E-06,1.47648231040714E-06,0.01422138836773,0.008553867817513,0.014203704519367,4.77450239355001E-06,2.91654218061023E-06,3.95816668583598E-06,0.006303939962477,0.003814391779207,0.006312483293616,2.11640211640212E-06,1.30778950206796E-06,1.76776290687671E-06,3.37858441846275E-09,2.20453208987866E-09,1.96376074259812E-09,7.83672802612234E-07,4.48032358613595E-07,3.89441276884485E-07,,"$1.26\,^{+0.52}_{-0.63}$",1.5876E+018,1.3104E+018,1.34946E+018,"$332\pm5$",,"$1.11\,^{+0.03}_{-0.03}$","$1.71\,^{+0.10}_{-0.10}$","$0.58\,^{+0.04}_{-0.04}$","$0.52\,^{+0.03}_{-0.03}$","$1.05\,^{+0.13}_{-0.11}$","$534\,^{+8}_{-7}$","$38\,^{+17}_{-20}$","$4.1 \pm 0.8$","$17.0_{-0.8}^{+0.8}$","$12.4_{-0.6}^{+0.6}$",0,1.9,"$9.4_{-7.3}^{+11.4} \cdot 10^{-3}$","$5.3_{-4.1}^{+6.5} \cdot 10^{43}$","$2.8_{-1.0}^{+2.0} \cdot 10^{41}$","$3.4_{-1.2}^{+2.4} \cdot 10^{41}$","$7.6_{-2.7}^{+5.5} \cdot 10^{41}$","$5.4_{-2.2}^{+2.2} \cdot 10^{38}$","$1.6_{-0.8}^{+0.7} \cdot 10^{47}$","$1.2_{-0.3}^{+0.3} \cdot 10^{41}$","$2.34_{-0.32}^{+0.32} \cdot 10^{-12}$","$1.01_{-0.42}^{+0.41} \cdot 10^{-14}$"
"NGC1407",,"03:40:11.79$\:^*$","-18:34:48.9$\:^*$","X-ray","E0","FR I",,0,"No","2, 4 *",44.5,"S3","['A', 'B']",4650000000,730000000,410000000,0,265.6,5.1,4.94,0.0542,0.0685,0.0059,24.5,25.1,118,122,3.966,32.506,,1.6,0.493,1.05,1.05,0.134,26.2,3.35,3.35,25.1,3.2,3.2,3.966,1.708,32.506,0.915,0,0.51,-0.58,3.69,0,0,1.9,0,5.0815944256056E-14,6.35281750914516E-15,6.20048297201878E-15,4.83058802039772E-13,1.36641161004523E-13,1.39384789563517E-13,0.95,0.03,0.03,0.84,0.31,0.18,0.15,0.019,0.021,493.5,7.1,7.1,164,31,19,1.3,0.26,0.15,0.0468,0.02702,0.0148,2.65E+044,1.53E+044,8.37E+043,1.66E+042,1.38E+042,7.39E+041,1.37E+042,1.22E+042,6.52E+041,"NE1/W1",1.07E+042,8.64E+041,4.69E+041,7.69E+041,6.48E+041,3.53E+041,"SW1/NE1",1.34E+042,1.03E+042,5.16E+041,1.04E+042,8.41E+041,4.18E+041,"E1/W1","NGC1407","NGC$\,$1407",3.8305258494795E+039,4.67394843317211E+038,4.78877880595644E+038,3.64131623473951E+040,2.10137604353848E+040,2.06001288372532E+040,"$\:^*$",0.1425,0.02045122245735,0.018602486392953,3.36508546907827,0.363888931732936,0.399069862487102,0.161996581908182,0.009605692672523,0.008758880521258,0,0,0,0,0,0,0,0,0,0,0.134,0.134,0.92,1.05,5.859E+047,9.198E+046,5.166E+046,0.000452295613586,0.000148319128807,0.000270618126857,0.006264150943396,0.002417777669907,0.004483234456618,2.83324799453832E-06,1.28580830601339E-06,2.39698034882831E-06,0.004037735849057,0.001542507797407,0.002834135866611,1.82625021334699E-06,8.16513111318592E-07,1.50226607771313E-06,0.005056603773585,0.001780768633064,0.003437330278144,2.28707970643455E-06,9.03488476196544E-07,1.79427018029341E-06,6.53784920546083E-09,1.00017053983917E-09,1.29993302060535E-09,6.21491079491297E-08,3.55842681200992E-08,3.71691831363649E-08,,"$4.65\,^{+0.73}_{-0.41}$",2.16225E+019,6.789E+018,3.24105E+018,"$266\pm5$",,"$0.95\,^{+0.03}_{-0.03}$","$3.37\,^{+0.40}_{-0.36}$","$0.14\,^{+0.02}_{-0.02}$","$0.15\,^{+0.02}_{-0.02}$","$0.84\,^{+0.31}_{-0.18}$","$494\,^{+7}_{-7}$","$164\,^{+31}_{-19}$","$4.0 \pm 1.7$","$26.2_{-3.4}^{+3.4}$","$25.1_{-3.2}^{+3.2}$",0,1.9,"$4.7_{-1.5}^{+2.7} \cdot 10^{-2}$","$2.6_{-0.8}^{+1.5} \cdot 10^{44}$","$1.7_{-0.7}^{+1.4} \cdot 10^{42}$","$1.3_{-0.5}^{+1.0} \cdot 10^{42}$","$1.1_{-0.5}^{+0.9} \cdot 10^{42}$","$3.8_{-0.5}^{+0.5} \cdot 10^{39}$","$5.9_{-0.5}^{+0.9} \cdot 10^{47}$","$3.6_{-2.1}^{+2.1} \cdot 10^{40}$","$4.83_{-1.37}^{+1.39} \cdot 10^{-13}$","$5.08_{-0.64}^{+0.62} \cdot 10^{-14}$"
"NGC1600",,"4:31:39.8510$\:^*$","-5:05:10.476$\:^*$","X-ray","E3","FR I",,0,"No",1,243.6,"S3","['A']",17000000000,1500000000,1500000000,0,331.4,7,3.19,0.0349,0.0414,0.0156,69,63.7,335,309,4.956,16.039,,1.4,0.215,1.26,1.26,0.102,20.6,1.26,1.26,15.4,0.945,0.945,4.956,1.539,16.039,0.537,0,0.57,1.09,2.36,0,0,1.9,0,5.0815944256056E-17,-33.5119731967708,0,1.9948029417319E-13,3.64756417747057E-14,3.5537096435949E-14,1.05,0.07,0.08,0.42,0.09,0.06,0.114,0.008,0.014,520.7,17.8,19.4,539,94,80,1.7,0.3,0.26,0.4051,0.16949,0.13825,2.29E+045,9.59E+044,7.82E+044,2.93E+042,2.6E+042,1.38E+042,2.68E+042,2.63E+042,1.33E+042,"N1/S1",4.2E+042,4.11E+042,2.42E+042,3.73E+042,3.84E+042,2.22E+042,"E1/S1",2.22E+042,1.99E+042,1.07E+042,1.83E+042,1.81E+042,9.25E+041,"N1/S1","NGC1600","NGC$\,$1600",2.46711741625918E+037,0,-1.62700848990149E+055,9.68478132523396E+040,3.45065671115472E+040,3.54178958628257E+040,"$\:^*$",0.1197,0.017299260099785,0.011586215948272,4.46600698695778,0.42575009627849,0.537756575542713,0.105954865062984,0.006379068098724,0.005050405668137,0,0,0,0,0,0,0,0,0,0,0.102,0.102,0.54,1.26,2.142E+048,1.89E+047,1.89E+047,0.001069094304388,0.000377069543724,0.000457542246681,0.001279475982533,0.0005263322907,0.000887740376249,1.36788048552754E-06,6.55465752227366E-07,1.21980473494157E-06,0.001834061135371,0.000868624284426,0.00138041367772,1.96078431372549E-06,1.14295550968484E-06,1.92655167014358E-06,0.00096943231441,0.000404915551345,0.000678221983541,1.03641456582633E-06,5.07834780388635E-07,9.33528215434136E-07,1.15178217379047E-11,7595744.58404058,1.01627838863865E-12,4.5213731677096E-08,1.70094317094427E-08,1.65961426043808E-08,,"$17.00\,^{+1.50}_{-1.50}$",2.89E+020,5.1E+019,4.335E+019,"$331\pm7$",,"$1.05\,^{+0.07}_{-0.08}$","$4.47\,^{+0.54}_{-0.43}$","$0.12\,^{+0.01}_{-0.02}$","$0.11\,^{+0.01}_{-0.01}$","$0.42\,^{+0.09}_{-0.06}$","$521\,^{+18}_{-19}$","$539\,^{+94}_{-80}$","$5.0 \pm 1.5$","$20.6_{-1.3}^{+1.3}$","$15.4_{-0.9}^{+0.9}$",0,1.9,"$4.1_{-1.4}^{+1.7} \cdot 10^{-1}$","$2.3_{-0.8}^{+1.0} \cdot 10^{45}$","$2.9_{-1.4}^{+2.6} \cdot 10^{42}$","$2.2_{-1.1}^{+2.0} \cdot 10^{42}$","$4.2_{-2.4}^{+4.1} \cdot 10^{42}$","$2.5_{-0.0}^{+0.0} \cdot 10^{37}$","$2.1_{-0.2}^{+0.2} \cdot 10^{48}$","$9.7_{-3.5}^{+3.5} \cdot 10^{40}$","$1.99_{-0.36}^{+0.36} \cdot 10^{-13}$","$5.08_{-0.0}^{+0.0} \cdot 10^{-17}$"
"NGC4261",,"12:19:23.2357$\:$","05:49:29.650$\:$","VLBI","E2-3","FR I","LINER Sy3",0,"Nuclear","1, 4 *",135.3,"S3","['A', 'C']",1670000000,390000000,240000000,0,296.7,4.3,1.65,0.0175,0.0186,0.0074,37.3,32.4,118,157,3.96,25.221,,0.706,0.755,1.19,1.19,0.151,9.48,0.379,0.379,10,0.401,0.401,3.96,1.739,25.221,1.095,0,0.55,0.18,4.69,866,37,1.9,0,1.2050359403718E-12,4.35873265314547E-14,4.8105234569622E-14,3.08531847680638E-13,4.09304867838447E-15,4.22008346016041E-15,0.69,0.01,0.01,0.53,0.05,0.04,1.09,0.042,0.043,420.6,3.7,4,81,21,13,0.52,0.13,0.082,0.0709,0.04438,0.02225,4.01E+044,2.51E+044,1.26E+044,3.01E+041,2.18E+041,1.04E+041,2.39E+041,1.74E+041,8.13E+040,"E1/W1",7.38E+042,5.65E+042,2.5E+042,6.2E+042,5.03E+042,1.91E+042,"E1/W1",1.96E+043,1.48E+043,6.57E+042,1.12E+043,9.04E+042,3.19E+042,"E1/W1","NGC4261","NGC$\,$4261",1.51356464599638E+041,6.04217516611813E+039,5.47471110539286E+039,3.87526115336671E+040,1.06011263472891E+039,1.02820066462641E+039,"$\:$",0.7521,0.031608842117357,0.030962080033486,0.651475506361779,0.02256641547831,0.023010561057007,1.90174753425346,0.033585512674402,0.032937251342327,0,0,0,0,0,0,0,0,0,0,0.151,0.151,1.09,1.19,2.1042E+047,4.914E+046,3.024E+046,0.001905712384754,0.0006584616413,0.001273170572187,0.000750623441397,0.000247882700205,0.000508082945953,1.43047238855622E-06,5.35298526765827E-07,1.08855029754028E-06,0.018403990024938,0.006012848396899,0.012869059146961,3.50727117194183E-05,1.29059554916246E-05,2.8072511199507E-05,0.048877805486284,0.015879364156496,0.033898333631877,9.31470392548237E-05,3.39718733181584E-05,7.36225102335529E-05,7.19306456608869E-07,1.06597342887479E-07,1.7041833551376E-07,1.84167909579256E-07,2.69145339760117E-08,4.33033456674202E-08,,"$1.67\,^{+0.39}_{-0.24}$",2.7889E+018,1.3026E+018,6.8136E+017,"$297\pm4$",,"$0.69\,^{+0.01}_{-0.01}$","$0.65\,^{+0.02}_{-0.02}$","$0.75\,^{+0.03}_{-0.03}$","$1.09\,^{+0.04}_{-0.04}$","$0.53\,^{+0.05}_{-0.04}$","$421\,^{+4}_{-4}$","$81\,^{+21}_{-13}$","$4.0 \pm 1.7$","$9.5_{-0.4}^{+0.4}$","$10.0_{-0.4}^{+0.4}$","$866\pm37$",1.9,"$7.1_{-2.2}^{+4.4} \cdot 10^{-2}$","$4.0_{-1.3}^{+2.5} \cdot 10^{44}$","$3.0_{-1.0}^{+2.2} \cdot 10^{41}$","$2.0_{-0.7}^{+1.5} \cdot 10^{43}$","$7.4_{-2.5}^{+5.6} \cdot 10^{42}$","$1.5_{-0.1}^{+0.1} \cdot 10^{41}$","$2.1_{-0.3}^{+0.5} \cdot 10^{47}$","$3.9_{-0.1}^{+0.1} \cdot 10^{40}$","$3.09_{-0.04}^{+0.04} \cdot 10^{-13}$","$1.21_{-0.04}^{+0.05} \cdot 10^{-12}$"
"NGC4374","M84","12:25:3.743$\:$","12:53:13.139$\:$","VLBI","E1","FR I","LINER Sy2",1,"Nuclear","1, 4",882.4,"S3","['B']",925000000,95000000,87000000,0,277.6,2.4,2.85,0.0299,0.0338,0.0034,19.9,16.5,96,80,4.479,55.985,,2.29,0.713,1.2,1.11,0.0843,14.6,3.05,3.05,8.12,2.58,2.58,4.479,0.908,55.985,0.301,0,4.3,0.88,0.54,16,8,2.08,0.07,9.50604793656281E-14,3.43843035342816E-15,3.5674691974929E-15,1.165198723025E-12,3.6442909786764E-14,3.59588949125766E-14,0.5,0.18,0.1,0.55,0.29,0.16,0.308,0.092,0.082,358.4,60.2,37.9,62,24,21,0.77,0.29,0.26,0.00994,0.01204,0.00618,5.62E+043,6.81E+043,3.5E+043,8.22E+041,6.43E+041,3.23E+041,6.82E+041,5.48E+041,2.73E+041,"NE1/S1",1.03E+042,7.5E+041,3.58E+041,7.77E+041,5.99E+041,2.9E+041,"S1/NE1",2.69E+042,2.12E+042,1.11E+042,2.19E+042,1.82E+042,9.56E+041,"NE1/S1","NGC4374","NGC$\,$4374",3.09655531859446E+039,1.16208815599692E+038,1.12005429275948E+038,3.79558605961243E+040,2.34269189542042E+039,2.37422505921142E+039,"$\:$",0.154,0.051280015600622,0.072038833971685,1.09631711309965,0.345786210302751,0.46104483454031,0.871155554421827,0.183177733726928,0.137384327102233,0,0,0,0,0,0,0,0,0,0,0.0843,0.0843,0.3,1.11,1.1655E+047,1.197E+046,1.0962E+046,0.000482196482196,0.000303705651414,0.000586393512456,0.014626334519573,0.007615916483294,0.014916781655528,7.05276705276705E-06,2.8496249720185E-06,5.56429274209754E-06,0.018327402135231,0.00924268679091,0.018320680099596,8.83740883740884E-06,3.18211798002706E-06,6.49869928227668E-06,0.047864768683274,0.025285127003771,0.048923214669919,2.30802230802231E-05,9.76807405638385E-06,1.83434187695887E-05,2.65684712020117E-08,2.67729320476107E-09,2.9051171051757E-09,3.25661609576357E-07,3.67852785749668E-08,3.90215267149367E-08,,"$0.93\,^{+0.10}_{-0.09}$",8.55625E+017,1.7575E+017,1.368075E+017,"$278\pm2$",,"$0.50\,^{+0.18}_{-0.10}$","$1.10\,^{+0.46}_{-0.35}$","$0.15\,^{+0.07}_{-0.05}$","$0.31\,^{+0.09}_{-0.08}$","$0.55\,^{+0.29}_{-0.16}$","$358\,^{+60}_{-38}$","$62\,^{+24}_{-21}$","$4.5 \pm 0.9$","$14.6_{-3.0}^{+3.0}$","$8.1_{-2.6}^{+2.6}$","$16\pm8$","$2.08\pm0.07$","$9.9_{-6.2}^{+12.0} \cdot 10^{-3}$","$5.6_{-3.5}^{+6.8} \cdot 10^{43}$","$8.2_{-3.2}^{+6.4} \cdot 10^{41}$","$2.7_{-1.1}^{+2.1} \cdot 10^{42}$","$1.0_{-0.4}^{+0.8} \cdot 10^{42}$","$3.1_{-0.1}^{+0.1} \cdot 10^{39}$","$1.2_{-0.1}^{+0.1} \cdot 10^{47}$","$3.8_{-0.2}^{+0.2} \cdot 10^{40}$","$1.17_{-0.04}^{+0.04} \cdot 10^{-12}$","$9.51_{-0.34}^{+0.36} \cdot 10^{-14}$"
"NGC4472","M49","12:29:46.7619$\:$","08:00:01.713$\:$","VLBA","E2","FR I","LINER Sy2",0,"No","1, 3, 4",367,"S3","['A', 'C']",2540000000,580000000,200000000,0,282,2.9,1.56,0.0153,0.0163,0.0033,19.5,16.5,94,80,4.497,56.206,,0.999,0.529,1.02,1.02,0.0197,16.1,0.51,0.51,11.7,0.203,0.203,4.497,0.724,56.206,0.424,0,0.43,-0.23,2.46,0,0,1.9,0,6.35330931851745E-15,1.35296396874767E-15,1.35572537212686E-15,2.49689339200736E-12,2.56109365221304E-13,2.57969568945102E-13,0.8,0.02,0.02,0.71,0.06,0.05,0.372,0.015,0.015,454.5,6.6,6.7,106,28,11,1.3,0.35,0.14,0.04436,0.02854,0.00981,2.51E+044,1.62E+044,5.55E+043,3.35E+041,2.67E+041,1.44E+041,2.24E+041,1.84E+041,1E+041,"N1/W1",2.16E+041,1.62E+041,8.41E+040,1.25E+041,9.54E+040,4.94E+040,"W1/NE1",4.98E+041,3.55E+041,1.75E+041,3.37E+041,2.43E+041,1.19E+041,"W1/NE1","NGC4472","NGC$\,$4472",2.06956391259736E+038,4.41621864272948E+037,4.40722348682696E+037,8.1335256928858E+040,1.68065014206379E+040,1.66853107055682E+040,"$\:$",0.2976,0.01411926343688,0.01411926343688,1.54665942970921,0.063937867089188,0.063937867089188,0.519885804768701,0.010745865847502,0.010745865847502,0,0,0,0,0,0,0,0,0,0,0.0197,0.0197,0.42,1.02,3.2004E+047,7.308E+046,2.52E+046,0.000784276965379,0.000184083175559,0.000536933057149,0.001334661354582,0.000456196295547,0.000967881473685,1.04674415698038E-06,4.5743040205484E-07,8.67835434219071E-07,0.000860557768924,0.000272463343424,0.0006021029484,6.74915635545557E-07,2.68099459814525E-07,5.29127877088596E-07,0.00198406374502,0.000582480690518,0.001349106407837,1.55605549306337E-06,5.60365644489393E-07,1.16475636967192E-06,6.46657890450367E-10,1.46820549054646E-10,2.02101961199963E-10,2.54140910288895E-07,5.58436245660693E-08,7.82651117577886E-08,,"$2.54\,^{+0.58}_{-0.20}$",6.4516E+018,2.9464E+018,8.636E+017,"$282\pm3$",,"$0.80\,^{+0.02}_{-0.02}$","$1.55\,^{+0.06}_{-0.06}$","$0.30\,^{+0.01}_{-0.01}$","$0.37\,^{+0.01}_{-0.01}$","$0.71\,^{+0.06}_{-0.05}$","$454\,^{+7}_{-7}$","$106\,^{+28}_{-11}$","$4.5 \pm 0.7$","$16.1_{-0.5}^{+0.5}$","$11.7_{-0.2}^{+0.2}$",0,1.9,"$4.4_{-1.0}^{+2.9} \cdot 10^{-2}$","$2.5_{-0.6}^{+1.6} \cdot 10^{44}$","$3.3_{-1.4}^{+2.7} \cdot 10^{41}$","$5.0_{-1.8}^{+3.5} \cdot 10^{41}$","$2.2_{-0.8}^{+1.6} \cdot 10^{41}$","$2.1_{-0.4}^{+0.4} \cdot 10^{38}$","$3.2_{-0.3}^{+0.7} \cdot 10^{47}$","$8.1_{-1.7}^{+1.7} \cdot 10^{40}$","$2.5_{-0.26}^{+0.26} \cdot 10^{-12}$","$6.35_{-1.35}^{+1.36} \cdot 10^{-15}$"
"NGC4486","M87","12:30:49.4234$\:$","12:23:28.044$\:$","VLBI","E0 pec","FR I","NLRG Sy, S3",0,"Extended","3, 4",,"S3","['A', 'B', 'C']",4850000000,1750000000,2050000000,0,323,4.3,1.23,0.0194,0.0211,0.0043,23.9,16.5,115,80,9.361,117.01,,0.978,0.531,0.671,0.648,0.0605,15,0.884,0.884,9.27,0.143,0.143,9.361,0.95,117.01,0.202,0,1.09,1.53,0.92,11,1,2.24,0.03,1.16144861384034E-12,2.11988262791717E-14,2.15929418848244E-14,6.18301072751713E-11,7.49970625154575E-13,7.4476906027277E-13,0.78,0.03,0.03,0.63,0.14,0.18,0.234,0.01,0.01,448.3,9.1,9.7,208,88,92,2.6,1.1,1.2,0.10613,0.11231,0.07418,6.01E+044,6.36E+044,4.2E+044,5.73E+042,5.06E+042,2.88E+042,4.25E+042,4.14E+042,2.41E+042,"E1/W1",2.65E+042,2.74E+042,1.63E+042,2.52E+042,2.82E+042,1.64E+042,"E1/W1",1.87E+043,1.53E+043,8.28E+042,1.4E+043,1.19E+043,6.16E+042,"SE1/W1","NGC4486","NGC$\,$4486",3.78337023594043E+040,7.03381042087725E+038,6.90542891228722E+038,2.01408985952816E+042,4.8521080686789E+040,4.88599582836044E+040,"$\:$",0.18252,0.010493826756718,0.010493826756718,2.05408004924968,0.106670109954783,0.106670109954783,0.339683110243379,0.008820015250301,0.008820015250301,0,0,0,0,0,0,0,0,0,0,0.0605,0.0605,0.2,0.65,6.111E+047,2.205E+047,2.583E+047,0.000983472426771,0.000803220344166,0.00109958133113,0.009534109816972,0.005803271734507,0.009291916665742,9.37653411880216E-06,6.15777338149554E-06,8.94469194109765E-06,0.004409317803661,0.002902643875771,0.004612894568511,4.33644248077238E-06,3.23639186691631E-06,4.74889448604122E-06,0.031114808652246,0.018201837713859,0.02943011489425,3.06005563737522E-05,1.87317781580683E-05,2.73633997952959E-05,6.19108204212148E-08,2.61928773974139E-08,2.23685888432415E-08,3.29584333092483E-06,1.39538095197557E-06,1.19186946886739E-06,,"$4.85\,^{+1.75}_{-2.05}$",2.35225E+019,1.6975E+019,1.690225E+019,"$323\pm4$",,"$0.78\,^{+0.03}_{-0.03}$","$2.05\,^{+0.11}_{-0.11}$","$0.18\,^{+0.01}_{-0.01}$","$0.23\,^{+0.01}_{-0.01}$","$0.63\,^{+0.14}_{-0.18}$","$448\,^{+9}_{-10}$","$208\,^{+88}_{-92}$","$9.4 \pm 0.9$","$15.0_{-0.9}^{+0.9}$","$9.3_{-0.1}^{+0.1}$","$11\pm1$","$2.24\pm0.03$","$1.1_{-0.7}^{+1.1} \cdot 10^{-1}$","$6.0_{-4.2}^{+6.4} \cdot 10^{44}$","$5.7_{-2.9}^{+5.1} \cdot 10^{42}$","$1.9_{-0.8}^{+1.5} \cdot 10^{43}$","$2.6_{-1.6}^{+2.7} \cdot 10^{42}$","$3.8_{-0.1}^{+0.1} \cdot 10^{40}$","$6.1_{-2.6}^{+2.2} \cdot 10^{47}$","$2.0_{-0.0}^{+0.0} \cdot 10^{42}$","$6.18_{-0.07}^{+0.07} \cdot 10^{-11}$","$1.16_{-0.02}^{+0.02} \cdot 10^{-12}$"
"NGC4552","M89","12:35:39.8141$\:$","12:33:22.732$\:$","VLBI","E01","FR I","LINER HII Sy2",1,"No",4,201.4,"S3","['C']",500000000,62000000,55000000,0,250.3,2.9,2.72,0.0262,0.0296,0.0011,9.8,16.5,47,80,5.521,69.01,"ram pressure stripping",3.7,0.398,2.07,1.29,0.195,13,1.46,1.46,12.2,1.37,1.37,5.521,0.908,69.01,1.057,0,0.31,0.01,6,7,2,1.9,0,9.8627948563121E-14,5.08738114836578E-15,4.6481920130186E-15,6.51628394060843E-13,3.38965354693215E-14,3.4175584085083E-14,1.18,0.07,0.06,0.68,0.44,0.21,1.952,0.39,0.417,550.3,15,14.3,14,3,2,0.18,0.033,0.028,0.00508,0.00325,0.00216,2.88E+043,1.84E+043,1.22E+043,9.34E+041,7.41E+041,3.67E+041,8.54E+041,7.07E+041,3.45E+041,"N1/SW1",1.13E+042,8.7E+041,4.23E+041,1.1E+042,8.75E+041,4.13E+041,"S1/N1",9.61E+041,7.28E+041,3.17E+041,8.2E+041,6.23E+041,2.7E+041,"E1/W1","NGC4552","NGC$\,$4552",3.21276413419415E+039,1.51412908874573E+038,1.65719311093495E+038,2.12265221345587E+040,2.22651068816303E+039,2.20833090449164E+039,"$\:$",2.30336,0.505806423446757,0.4800567983062,0.755490136069771,0.129092714965713,0.139189596298953,1.52284885943858,0.140282915586605,0.130106724337967,0,0,0,0,0,0,0,0,0,0,0.195,0.195,1.06,1.29,6.3E+046,7.812E+045,6.93E+045,0.000457142857143,0.000200073193964,0.000297513619185,0.032430555555556,0.013249840777347,0.02335903029771,1.48253968253968E-05,6.0493583217406E-06,1.19047020723999E-05,0.039236111111111,0.015683994997778,0.027757194857517,1.79365079365079E-05,6.9981729250022E-06,1.39874832864003E-05,0.033368055555556,0.012667937615683,0.023382083271826,1.52539682539683E-05,5.30414357391069E-06,1.17093384281002E-05,5.09962560983199E-08,6.19571036333134E-09,6.76486049445469E-09,3.36928922770774E-07,5.10128326823736E-08,5.4722187125242E-08,,"$0.50\,^{+0.06}_{-0.06}$",2.5E+017,6.2E+016,4.675E+016,"$250\pm3$",,"$1.18\,^{+0.07}_{-0.06}$","$0.76\,^{+0.14}_{-0.13}$","$2.30\,^{+0.48}_{-0.51}$","$1.95\,^{+0.39}_{-0.42}$","$0.68\,^{+0.44}_{-0.21}$","$550\,^{+15}_{-14}$","$14\,^{+3}_{-2}$","$5.5 \pm 0.9$","$13.0_{-1.5}^{+1.5}$","$12.2_{-1.4}^{+1.4}$","$7\pm2$",1.9,"$5.1_{-2.2}^{+3.2} \cdot 10^{-3}$","$2.9_{-1.2}^{+1.8} \cdot 10^{43}$","$9.3_{-3.7}^{+7.4} \cdot 10^{41}$","$9.6_{-3.2}^{+7.3} \cdot 10^{41}$","$1.1_{-0.4}^{+0.9} \cdot 10^{42}$","$3.2_{-0.2}^{+0.2} \cdot 10^{39}$","$6.3_{-0.7}^{+0.8} \cdot 10^{46}$","$2.1_{-0.2}^{+0.2} \cdot 10^{40}$","$6.52_{-0.34}^{+0.34} \cdot 10^{-13}$","$9.86_{-0.51}^{+0.46} \cdot 10^{-14}$"
"NGC4636",,"12:42:49.827$\:$","02:41:15.99$\:$","ALMA","E01","FR I","LINER b",0,"Nuclear","1, 4",197.4,"S3, I3","['A']",330000000,41000000,37000000,1,199.5,2.7,1.82,0.019,0.0207,0.0031,18.9,14.7,91,71,8.65,121.825,,0.001,0,0.864,0.854,0.032,6.76,0.245,0.245,6.78,0.122,0.122,8.65,0.925,121.825,0.158,0.061,15.66,5.83,0.38,0,0,1.9,0,7.51622894018204E-15,1.80144257346338E-15,1.33492715812629E-15,5.83176479731643E-12,2.18700720564418E-13,2.20250261808785E-13,0.32,0.48,0.09,0.51,0.05,0.04,0.167,0.052,0.085,285.5,168.5,44.8,35,20,23,0.49,0.29,0.32,0.00135,0.00239,0.00122,7.65E+042,1.35E+043,6.91E+042,2.19E+041,1.6E+041,7.38E+040,1.12E+041,8.31E+040,3.73E+040,"NE2/SW2",1.59E+041,1.18E+041,5.54E+040,7.48E+040,5.58E+040,2.59E+040,"SW2/NE2",2.84E+041,2.31E+041,1.14E+041,1.57E+041,1.34E+041,6.7E+040,"NE2/SW2","NGC4636","NGC$\,$4636",1.94332583342387E+038,3.4514627651338E+037,4.65764137615023E+037,1.50780654438161E+041,1.13891694092281E+040,1.13090424318809E+040,"$\:$",0.05344,0.031076372053379,0.081868890306392,1.05521024122392,0.400060743064304,1.64244024031636,0.922553378579324,0.71797957109523,0.174883343495056,0,0,0,0,0,0,0,0,0,0,0.032,0.032,0.16,0.85,4.158E+046,5.166E+045,4.662E+045,0.000183982683983,0.000167461055011,0.000325478993797,0.028627450980392,0.019515575007504,0.038662715240317,5.26695526695527E-06,1.87055479568905E-06,3.90324811796607E-06,0.02078431372549,0.014228489991503,0.028135529052985,3.82395382395382E-06,1.39965595398791E-06,2.87739638483441E-06,0.037124183006536,0.025947410880013,0.051008778310667,6.83020683020683E-06,2.84664724140879E-06,5.61999305691019E-06,4.67370330308772E-09,1.23667513902535E-09,1.01301979285009E-09,3.62627836551614E-06,4.89166766190281E-07,5.27267218950262E-07,"\:\dagger","$0.33\,^{+0.04\:\dagger}_{-0.04}$",1.089E+017,2.706E+016,2.0757E+016,"$200\pm3$",,"$0.32\,^{+0.48}_{-0.09}$","$1.06\,^{+1.64}_{-0.40}$","$0.05\,^{+0.08}_{-0.03}$","$0.17\,^{+0.05}_{-0.09}$","$0.51\,^{+0.05}_{-0.04}$","$286\,^{+168}_{-45}$","$35\,^{+20}_{-23}$","$8.7 \pm 0.9$","$6.8_{-0.2}^{+0.2}$","$6.8_{-0.1}^{+0.1}$",0,1.9,"$1.4_{-1.2}^{+2.4} \cdot 10^{-3}$","$7.6_{-6.9}^{+13.5} \cdot 10^{42}$","$2.2_{-0.7}^{+1.6} \cdot 10^{41}$","$2.8_{-1.1}^{+2.3} \cdot 10^{41}$","$1.6_{-0.6}^{+1.2} \cdot 10^{41}$","$1.9_{-0.5}^{+0.3} \cdot 10^{38}$","$4.2_{-0.5}^{+0.5} \cdot 10^{46}$","$1.5_{-0.1}^{+0.1} \cdot 10^{41}$","$5.83_{-0.22}^{+0.22} \cdot 10^{-12}$","$7.52_{-1.8}^{+1.33} \cdot 10^{-15}$"
"NGC4649","M60","12:43:39.986$\:$","11:33:09.86$\:$","A","E2","FR I",,0,"No","3, 4 *",293.8,"S3","['B', 'D']",4720000000,1040000000,1050000000,0,330.5,4.6,2.02,0.0204,0.0223,0.0037,21.2,16.5,102,80,4.056,50.696,,0.486,0.147,0.967,0.976,0.0572,22.1,0.656,0.656,19.4,0.576,0.576,4.056,0.512,50.696,0.48,0,0.47,0.23,1.95,0,0,1.9,0,6.06736329588505E-15,2.36908149808239E-15,2.28866688642744E-15,2.14190399072212E-12,7.87654787314597E-15,7.41066469705335E-15,1.29,0.04,0.04,1.23,0.09,0.08,0.358,0.018,0.018,577.1,9.5,9,122,32,30,1.5,0.39,0.38,0.072,0.04619,0.03265,4.07E+044,2.61E+044,1.85E+044,2.08E+041,1.49E+041,7.34E+040,1.37E+041,9.79E+040,4.79E+040,"N1/S1",1.46E+041,1.04E+041,5.14E+040,8.59E+040,6.17E+040,3.01E+040,"S1/NE1",2.24E+041,1.87E+041,1.04E+041,1.52E+041,1.33E+041,7.54E+040,"NE1/S1","NGC4649","NGC$\,$4649",1.97641819282798E+038,7.45523656828984E+037,7.71718379922592E+037,6.97716257970762E+040,4.82798600114741E+038,5.13150498956415E+038,"$\:$",0.46182,0.027280593835179,0.027280593835179,2.55859193068403,0.131632563588512,0.131632563588512,0.244342189507421,0.006285368997684,0.006285368997684,0,0,0,0,0,0,0,0,0,0,0.0572,0.0572,0.48,0.98,5.9472E+047,1.3104E+047,1.323E+047,0.000684355663169,0.000346326543198,0.000464044756481,0.000511056511057,0.000207950119557,0.00034744116397,3.49744417541028E-07,1.45896229680643E-07,2.62121968328243E-07,0.000358722358722,0.000145836003637,0.000243118674662,2.45493677697067E-07,1.02235656890471E-07,1.83047029967058E-07,0.000550368550369,0.000252862095701,0.000409676070174,3.76647834274953E-07,1.9390912585499E-07,3.2520134452073E-07,3.32327514263516E-10,1.49343721857757E-10,1.45176638772033E-10,1.17318445313889E-07,2.61126423929488E-08,2.58625711236118E-08,,"$4.72\,^{+1.04}_{-1.05}$",2.22784E+019,9.8176E+018,8.4252E+018,"$330\pm5$",,"$1.29\,^{+0.04}_{-0.04}$","$2.56\,^{+0.13}_{-0.13}$","$0.46\,^{+0.03}_{-0.03}$","$0.36\,^{+0.02}_{-0.02}$","$1.23\,^{+0.09}_{-0.08}$","$577\,^{+10}_{-9}$","$122\,^{+32}_{-30}$","$4.1 \pm 0.5$","$22.1_{-0.7}^{+0.7}$","$19.4_{-0.6}^{+0.6}$",0,1.9,"$7.2_{-3.3}^{+4.6} \cdot 10^{-2}$","$4.1_{-1.8}^{+2.6} \cdot 10^{44}$","$2.1_{-0.7}^{+1.5} \cdot 10^{41}$","$2.2_{-1.0}^{+1.9} \cdot 10^{41}$","$1.5_{-0.5}^{+1.0} \cdot 10^{41}$","$2.0_{-0.8}^{+0.7} \cdot 10^{38}$","$5.9_{-1.3}^{+1.3} \cdot 10^{47}$","$7.0_{-0.1}^{+0.0} \cdot 10^{40}$","$2.14_{-0.01}^{+0.01} \cdot 10^{-12}$","$6.07_{-2.37}^{+2.29} \cdot 10^{-15}$"
"NGC4696","Centaurus","12:48:49.2762$\:^*$","-41:18:39.532$\:^*$","X-ray","E1 pec","FR I","LINER",1,"Extended","3, 4",711.1,"S3","['A']",889000000,181000000,149000000,1,242.9,6.5,7.78,0.0856,0.122,0.0099,48.2,42.5,229,206,8.909,43.246,,1.73,0.118,1.14,1.14,0.0424,6.81,0.164,0.164,5.19,0.432,0.432,8.909,1.843,43.246,0.178,0,0.18,0.31,2.4,0,0,1.9,0,3.9627803425544E-15,2.05292708398816E-15,2.04895703227838E-15,1.27997061670518E-11,6.76073685221455E-14,5.31604323843338E-14,0.83,0.12,0.12,0.43,0.1,0.07,0.257,0.112,0.103,463.5,32.2,34.8,36,14,10,0.17,0.07,0.047,0.00354,0.00576,0.00234,2E+043,3.26E+043,1.32E+043,1.36E+043,1.01E+043,4.81E+042,8.44E+042,6.73E+042,3.14E+042,"SE1/W1",1.28E+043,1.02E+043,5.15E+042,8.61E+042,7.95E+042,4.06E+042,"E1/W1",4.59E+042,3.34E+042,1.58E+042,2.33E+042,1.84E+042,8.47E+041,"E1/W1","NGC4696","NGC$\,$4696",8.56423971054389E+038,4.42814328934654E+038,4.43672324371361E+038,2.76623336050209E+042,2.29777402076302E+040,2.92221955380705E+040,"$\:^*$",0.21331,0.090882592942763,0.097942162524625,2.05331703470015,0.788634030160132,0.734574002620003,0.339872467678921,0.060794673872586,0.065268779588447,0,0,0,0,0,0,0,0,0,0,0.0424,0.0424,0.18,1.14,1.12014E+047,2.2806E+046,1.8774E+046,0.000178549109933,0.000121582782377,0.000293296616848,0.68,0.360042837729068,0.861271025868164,0.000121413394754,4.75187525459138E-05,9.34944183924403E-05,0.64,0.349805667478387,0.821086548422272,0.000114271430357,4.98060403282555E-05,9.39852152316562E-05,0.2295,0.120797683959586,0.289679639623671,4.09770207295517E-05,1.56885304329527E-05,3.09628704177586E-05,7.64568688783892E-09,4.16299894208613E-09,4.2486488295413E-09,2.46954252191877E-05,4.1472666027137E-06,5.03216025336867E-06,"\:\dagger","$0.89\,^{+0.18\:\dagger}_{-0.15}$",7.90321E+017,3.21818E+017,2.251837E+017,"$243\pm6$",,"$0.83\,^{+0.12}_{-0.12}$","$2.05\,^{+0.73}_{-0.79}$","$0.21\,^{+0.10}_{-0.09}$","$0.26\,^{+0.11}_{-0.10}$","$0.43\,^{+0.10}_{-0.07}$","$464\,^{+32}_{-35}$","$36\,^{+14}_{-10}$","$8.9 \pm 1.8$","$6.8_{-0.2}^{+0.2}$","$5.2_{-0.4}^{+0.4}$",0,1.9,"$3.5_{-2.3}^{+5.8} \cdot 10^{-3}$","$2.0_{-1.3}^{+3.3} \cdot 10^{43}$","$1.4_{-0.5}^{+1.0} \cdot 10^{43}$","$4.6_{-1.6}^{+3.3} \cdot 10^{42}$","$1.3_{-0.5}^{+1.0} \cdot 10^{43}$","$8.6_{-4.4}^{+4.4} \cdot 10^{38}$","$1.1_{-0.2}^{+0.2} \cdot 10^{47}$","$2.8_{-0.0}^{+0.0} \cdot 10^{42}$","$1.28_{-0.01}^{+0.01} \cdot 10^{-11}$","$3.96_{-2.05}^{+2.05} \cdot 10^{-15}$"
"NGC4778","HCG 62","12:53:05.7003$\:^*$","-09:12:14.676$\:^*$","X-ray","S0","FR I",,1,"Nuclear","2, 4",167,"S3","['B/A']",841000000,169000000,138000000,1,251.4,20.6,3.86,0.033,0.0381,0.0147,70.9,66.2,333,321,13.408,41.77,"high abundance arc of gas",10.6,0.605,1.11,0.942,0.0508,10.3,0.734,0.734,8.83,0.99,0.99,13.408,2.452,41.77,0.554,0,0.32,0.68,3.25,0,0,1.9,0,5.05824662003115E-15,2.18746603800646E-15,2.16945141599055E-15,1.47672626739858E-12,2.13736011328644E-13,2.16051708699952E-13,0.71,0.04,0.04,0.6,0.2,0.13,0.263,0.033,0.034,428,11,12,39,11,8,0.12,0.033,0.025,0.00412,0.00317,0.0018,2.33E+043,1.79E+043,1.02E+043,6.95E+041,6.01E+041,3.11E+041,3.96E+041,3.62E+041,1.81E+041,"N1/SE1",3.88E+041,3.15E+041,1.56E+041,2.1E+041,1.86E+041,9.15E+040,"SE1/N1",8.35E+041,6.25E+041,3.14E+041,4.04E+041,3.07E+041,1.51E+041,"SE1/N1","NGC4778","NGC$\,$4778",2.65232618791843E+039,1.13756667799899E+039,1.14701276818151E+039,7.74331511614624E+041,2.26576380305426E+041,2.24147876816928E+041,"$\:^*$",0.18673,0.026332679316773,0.025683366212395,1.72963520524781,0.202226865857789,0.206948277173417,0.439610670570399,0.026299381113881,0.025699375173841,0,0,0,0,0,0,0,0,0,0,0.0508,0.0508,0.55,0.94,1.05966E+047,2.1294E+046,1.7388E+046,0.000219881848895,0.00010279721744,0.000174605382241,0.029828326180258,0.013203561489098,0.024397151948659,6.55870750995602E-06,3.12600551678597E-06,5.82275409833039E-06,0.016652360515022,0.006998893897944,0.013161175272467,3.66155181850782E-06,1.59005553169091E-06,3.06236012046972E-06,0.035836909871245,0.014624205115588,0.027179998145317,7.87988600117019E-06,3.23303642251367E-06,6.1069784329523E-06,2.50299736511563E-08,1.15773657924596E-08,1.18551064146244E-08,7.30735813010422E-06,2.43149665992593E-06,2.59386963883253E-06,"\:\dagger","$0.84\,^{+0.17\:\dagger}_{-0.14}$",7.07281E+017,2.84258E+017,1.972986E+017,"$251\pm21$",,"$0.71\,^{+0.04}_{-0.04}$","$1.73\,^{+0.21}_{-0.20}$","$0.19\,^{+0.03}_{-0.03}$","$0.26\,^{+0.03}_{-0.03}$","$0.60\,^{+0.20}_{-0.13}$","$428\,^{+11}_{-12}$","$39\,^{+11}_{-8}$","$13.4 \pm 2.5$","$10.3_{-0.7}^{+0.7}$","$8.8_{-1.0}^{+1.0}$",0,1.9,"$4.1_{-1.8}^{+3.2} \cdot 10^{-3}$","$2.3_{-1.0}^{+1.8} \cdot 10^{43}$","$6.9_{-3.1}^{+6.0} \cdot 10^{41}$","$8.3_{-3.1}^{+6.2} \cdot 10^{41}$","$3.9_{-1.6}^{+3.1} \cdot 10^{41}$","$2.7_{-1.1}^{+1.1} \cdot 10^{39}$","$1.1_{-0.2}^{+0.2} \cdot 10^{47}$","$7.7_{-2.2}^{+2.3} \cdot 10^{41}$","$1.48_{-0.21}^{+0.22} \cdot 10^{-12}$","$5.06_{-2.19}^{+2.17} \cdot 10^{-15}$"
"NGC5044",,"13:15:23.9727$\:^*$","-16:23:07.779$\:^*$","X-ray","E0","FR I","LINER",1,"Extended","1, 2, 3, 4",563.7,"S3","['A', 'B']",220000000,120000000,70000000,0,224.9,9.1,4.92,0.0487,0.0624,0.0093,46.3,32.2,219,156,25.968,166.463,,0.001,0,0.504,0.48,0.0512,5.17,0.0316,0.0316,1.57,0.0096,0.0096,33.883,4.883,217.198,0.511,0,0.25,0.22,2.79,69,20,1.9,0,3.22106879128343E-14,2.14992488655199E-15,2.22430516349963E-15,2.09845664049237E-11,8.79755162847773E-13,1.0903973917677E-12,0.73,0.05,0.05,0.46,0.07,0.06,0.417,0.068,0.084,433,13.8,15.4,10,7,4,0.065,0.043,0.023,0.00043,0.0009,0.00029,2.44E+042,5.11E+042,1.62E+042,2.21E+041,1.68E+041,7.27E+040,1.34E+041,1.07E+041,4.34E+040,"SE1/NW1",3.67E+041,2.96E+041,1.32E+041,2.56E+041,2.22E+041,9.45E+040,"SE1/NW1",1.5E+041,1.12E+041,4.95E+040,8.05E+040,6.15E+040,2.56E+040,"NE1/SW1","NGC5044","NGC$\,$5044",3.99597440533619E+039,2.75941529937339E+038,2.66714105681486E+038,2.60329088556166E+042,2.70543745041405E+041,2.18280287786175E+041,"$\:^*$",0.30441,0.064767776710337,0.053840989032521,1.30787274683428,0.195827886791934,0.233018191683893,0.668577512065568,0.059558822996782,0.050053081104915,0,0,0,0,0,0,0,0,0,0,0.0512,0.0512,0.51,0.48,2.772E+046,1.512E+046,8.82E+045,8.8023088023088E-05,6.48060737403354E-05,0.000190493335624,0.090573770491803,0.047455086490058,0.142690484139052,7.97258297258297E-06,3.64874276756795E-06,7.45935504358349E-06,0.150409836065574,0.080309106697744,0.238683883635912,1.32395382395382E-05,6.3577960141672E-06,1.28908961400568E-05,0.061475409836066,0.032229445075034,0.096649879678834,5.41125541125541E-06,2.48057324674123E-06,5.00367576169213E-06,1.44154920827424E-07,4.68657952031811E-08,7.92575812321147E-08,9.39138126104494E-05,3.09018013640208E-05,5.21471873034167E-05,,"$0.22\,^{+0.12}_{-0.07}$",4.84E+016,5.28E+016,2.618E+016,"$225\pm9$",,"$0.73\,^{+0.05}_{-0.05}$","$1.31\,^{+0.23}_{-0.20}$","$0.30\,^{+0.05}_{-0.06}$","$0.42\,^{+0.07}_{-0.08}$","$0.46\,^{+0.07}_{-0.06}$","$433\,^{+14}_{-15}$","$10\,^{+7}_{-4}$","$33.9 \pm 4.9$","$5.2_{-0.0}^{+0.0}$","$1.6_{-0.0}^{+0.0}$","$69\pm20$",1.9,"$4.3_{-2.9}^{+9.0} \cdot 10^{-4}$","$2.4_{-1.6}^{+5.1} \cdot 10^{42}$","$2.2_{-0.7}^{+1.7} \cdot 10^{41}$","$1.5_{-0.5}^{+1.1} \cdot 10^{41}$","$3.7_{-1.3}^{+3.0} \cdot 10^{41}$","$4.0_{-0.3}^{+0.3} \cdot 10^{39}$","$2.8_{-0.9}^{+1.5} \cdot 10^{46}$","$2.6_{-0.2}^{+0.3} \cdot 10^{42}$","$2.1_{-0.09}^{+0.11} \cdot 10^{-11}$","$3.22_{-0.21}^{+0.22} \cdot 10^{-14}$"
"NGC5813",,"15:01:11.2345$\:^*$","01:42:07.244$\:^*$","X-ray","E12","FR I","LINER",0,"Extended","1, 4",638.2,"S3","['B']",710000000,101000000,89000000,0,236,3.4,4.29,0.0437,0.0519,0.0065,31.9,32.2,153,156,13.753,88.158,,2.72,0.379,0.776,0.722,0.0339,8.12,0.406,0.406,7.47,0.579,0.579,13.753,4.883,88.158,0.419,0,0.39,0.62,1.81,0,0,2.13,0.17,1.16680961706096E-14,1.19681069010065E-15,1.18477042882652E-15,4.66122428001887E-12,4.69861891424372E-14,4.74646434238698E-14,0.59,0.1,0.1,0.53,0.12,0.09,0.197,0.029,0.029,389,30.4,34.4,40,15,10,0.26,0.097,0.064,0.00293,0.00286,0.0014,1.66E+043,1.62E+043,7.93E+042,8.49E+041,6.41E+041,3.18E+041,5.36E+041,4.16E+041,2.04E+041,"N1/SW1",1.68E+042,1.28E+042,6.38E+041,1.17E+042,9.2E+041,4.6E+041,"SW1/N1",7.15E+041,5.46E+041,2.74E+041,4.11E+041,3.22E+041,1.6E+041,"SW1/N1","NGC5813","NGC$\,$5813",1.44751375018537E+039,1.46979546745526E+038,1.48473230333257E+038,5.78259395480512E+041,1.17766811310242E+040,1.16579695364192E+040,"$\:^*$",0.11623,0.026092951155437,0.026092951155437,1.74264073188995,0.362092892401089,0.362092892401089,0.434698567173259,0.045161707353089,0.045161707353089,0,0,0,0,0,0,0,0,0,0,0.0339,0.0339,0.42,0.72,8.946E+046,1.2726E+046,1.1214E+046,0.000185557791192,9.16439107876265E-05,0.000183000244195,0.051144578313253,0.021953525708673,0.044622314763729,9.49027498323273E-06,3.74844328101209E-06,7.29128604131629E-06,0.101204819277108,0.043672357041743,0.088601531386673,1.87793427230047E-05,7.5101466969159E-06,1.45553224347299E-05,0.043072289156627,0.018652408763441,0.037740867367287,7.99239883746926E-06,3.22251553836352E-06,6.20828099379254E-06,1.61805695303529E-08,2.6207530333177E-09,2.82795880961257E-09,6.46388772055122E-06,8.20674386281842E-07,9.28886252619581E-07,,"$0.71\,^{+0.10}_{-0.09}$",5.041E+017,1.4342E+017,1.07423E+017,"$236\pm3$",,"$0.59\,^{+0.10}_{-0.10}$","$1.74\,^{+0.36}_{-0.36}$","$0.12\,^{+0.03}_{-0.03}$","$0.20\,^{+0.03}_{-0.03}$","$0.53\,^{+0.12}_{-0.09}$","$389\,^{+30}_{-34}$","$40\,^{+15}_{-10}$","$13.8 \pm 4.9$","$8.1_{-0.4}^{+0.4}$","$7.5_{-0.6}^{+0.6}$",0,"$2.13\pm0.17$","$2.9_{-1.4}^{+2.9} \cdot 10^{-3}$","$1.7_{-0.8}^{+1.6} \cdot 10^{43}$","$8.5_{-3.2}^{+6.4} \cdot 10^{41}$","$7.2_{-2.7}^{+5.5} \cdot 10^{41}$","$1.7_{-0.6}^{+1.3} \cdot 10^{42}$","$1.4_{-0.1}^{+0.1} \cdot 10^{39}$","$8.9_{-1.1}^{+1.3} \cdot 10^{46}$","$5.8_{-0.1}^{+0.1} \cdot 10^{41}$","$4.66_{-0.05}^{+0.05} \cdot 10^{-12}$","$1.17_{-0.12}^{+0.12} \cdot 10^{-14}$"
"NGC5846",,"15:06:29.284$\:^*$","01:36:20.25$\:^*$","X-ray","E01","FR I","LINER HII",0,"Extended","1, 2, 3, 4",113.4,"S3, I3","['A', 'D/C']",1100000000,160000000,138000000,0,237.2,3.5,4.31,0.0429,0.0512,0.0057,28.2,24.9,135,121,10.727,88.654,,1.32,0.279,0.733,0.733,0.00928,11,0.491,0.491,9.52,0.427,0.427,10.727,2.477,88.654,0.421,0,0.41,0.83,2.37,0,0,1.9,0,2.27509743077207E-14,3.74019150848767E-15,3.73402707834634E-15,2.71268896051694E-12,1.30853519019266E-14,1.2521203332257E-14,0.77,0.04,0.04,0.46,0.06,0.05,0.179,0.011,0.011,445.5,12.5,13.2,48,10,8,0.39,0.085,0.068,0.00425,0.00223,0.00144,2.41E+043,1.26E+043,8.17E+042,8.14E+041,7.45E+041,3.99E+041,5.97E+041,5.95E+041,3.16E+041,"NE1/SW1",1.24E+042,1.31E+042,7.51E+041,9.66E+041,1.08E+042,6.06E+041,"S1/NW1",1.53E+042,1.2E+042,5.75E+041,1.25E+042,1.04E+042,4.84E+041,"NE1/S1","NGC5846","NGC$\,$5846",1.68775595363879E+039,2.77004683284656E+038,2.77461984740457E+038,2.01237840698937E+041,1.85774333748574E+039,1.94144481719542E+039,"$\:^*$",0.13783,0.011090829545169,0.011090829545169,2.42431307921735,0.175091935908712,0.175091935908712,0.264921340081496,0.009566749174445,0.009566749174445,0,0,0,0,0,0,0,0,0,0,0.00928,0.00928,0.42,0.73,1.386E+047,2.016E+046,1.7388E+046,0.000173881673882,6.2853512634905E-05,9.43617612999223E-05,0.033775933609959,0.014233909252766,0.025173774615843,5.87301587301587E-06,2.9715801836214E-06,5.44263895906839E-06,0.051452282157676,0.02525174731271,0.0428852906216,8.94660894660895E-06,5.53349683118621E-06,9.54082349609265E-06,0.063485477178423,0.022720450304893,0.042314164045292,1.1038961038961E-05,4.37367558703954E-06,8.80563913809806E-06,1.21771713826753E-08,2.51820873396126E-09,2.67050611060572E-09,1.4519324725753E-06,1.82689327606497E-07,2.11615095281811E-07,,"$1.10\,^{+0.16}_{-0.14}$",1.21E+018,3.52E+017,2.5806E+017,"$237\pm4$",,"$0.77\,^{+0.04}_{-0.04}$","$2.42\,^{+0.18}_{-0.18}$","$0.14\,^{+0.01}_{-0.01}$","$0.18\,^{+0.01}_{-0.01}$","$0.46\,^{+0.06}_{-0.05}$","$446\,^{+12}_{-13}$","$48\,^{+10}_{-8}$","$10.7 \pm 2.5$","$11.0_{-0.5}^{+0.5}$","$9.5_{-0.4}^{+0.4}$",0,1.9,"$4.2_{-1.4}^{+2.2} \cdot 10^{-3}$","$2.4_{-0.8}^{+1.3} \cdot 10^{43}$","$8.1_{-4.0}^{+7.5} \cdot 10^{41}$","$1.5_{-0.6}^{+1.2} \cdot 10^{42}$","$1.2_{-0.8}^{+1.3} \cdot 10^{42}$","$1.7_{-0.3}^{+0.3} \cdot 10^{39}$","$1.4_{-0.2}^{+0.2} \cdot 10^{47}$","$2.0_{-0.0}^{+0.0} \cdot 10^{41}$","$2.71_{-0.01}^{+0.01} \cdot 10^{-12}$","$2.28_{-0.37}^{+0.37} \cdot 10^{-14}$"
"NGC6166","Abell 2199","16:28:38.245$\:$","39:33:04.234$\:$","VLBI","E2","FR I","NLRG LEG",1,"Extended",4,158.3,"S3, I3","['A', 'B']",2110000000,570000000,450000000,1,300.9,6,0.79,0.0089,0.0091,0.0304,138,125,629,606,10.81,17.838,,5.83,0.52,0.681,0.668,0.037,12.5,0.146,0.146,10.3,0.39,0.39,10.81,3.021,17.838,0.239,0,0.3,2.57,1.71,0,0,1.9,0,2.67916832481904E-14,4.24929112666609E-15,3.96928489921668E-15,3.45859731510648E-12,7.83743821142936E-13,7.84666169169361E-13,1.12,0.09,0.08,0.99,0.31,0.24,0.134,0.025,0.022,537,21.6,20.5,63,23,17,0.1,0.039,0.028,0.00669,0.00773,0.00361,3.79E+043,4.38E+043,2.04E+043,1.35E+043,1.03E+043,4.93E+042,6.09E+042,5.1E+042,1.91E+042,"W1/NE1",1.91E+043,1.41E+043,6.67E+042,8.09E+042,6.53E+042,2.37E+042,"E1/W1",9.5E+042,7.22E+042,3.48E+042,3.81E+042,3.22E+042,1.24E+042,"W1/E1","NGC6166","NGC$\,$6166",5.00876874176011E+040,7.42067228332128E+039,7.94415056818846E+039,6.4659297296712E+042,2.93390403614719E+042,2.93045533311425E+042,"$\:$",0.15008,0.026870950857757,0.030486777461713,4.27708771682201,0.719605384543611,0.668473681814308,0.113051873623296,0.008834539668165,0.009510295600451,0,0,0,0,0,0,0,0,0,0,0.037,0.037,0.24,0.67,2.6586E+047,7.182E+046,5.67E+046,0.000142556232604,8.25358049409931E-05,0.000169189474397,0.356200527704486,0.163829497229812,0.348794000976655,5.0778605280975E-05,2.14742699534416E-05,4.10989772426269E-05,0.503957783641161,0.228641701024761,0.488676443205314,7.18423230271572E-05,2.93970351506102E-05,5.64748937641484E-05,0.25065963060686,0.115400050406546,0.245158681295098,3.57330926051305E-05,1.51464234505306E-05,2.882171968726E-05,1.88398733986313E-07,5.00728445624166E-08,5.80458587720305E-08,2.43208069272218E-05,1.21819775126701E-05,1.28432338197331E-05,"\:\dagger","$2.11\,^{+0.57\:\dagger}_{-0.45}$",4.4521E+018,2.4054E+018,1.61415E+018,"$301\pm6$",,"$1.12\,^{+0.09}_{-0.08}$","$4.28\,^{+0.67}_{-0.72}$","$0.15\,^{+0.03}_{-0.03}$","$0.13\,^{+0.03}_{-0.02}$","$0.99\,^{+0.31}_{-0.24}$","$537\,^{+22}_{-20}$","$63\,^{+23}_{-17}$","$10.8 \pm 3.0$","$12.5_{-0.1}^{+0.1}$","$10.3_{-0.4}^{+0.4}$",0,1.9,"$6.7_{-3.6}^{+7.7} \cdot 10^{-3}$","$3.8_{-2.0}^{+4.4} \cdot 10^{43}$","$1.4_{-0.5}^{+1.0} \cdot 10^{43}$","$9.5_{-3.5}^{+7.2} \cdot 10^{42}$","$1.9_{-0.7}^{+1.4} \cdot 10^{43}$","$5.0_{-0.8}^{+0.7} \cdot 10^{40}$","$2.7_{-0.6}^{+0.7} \cdot 10^{47}$","$6.5_{-2.9}^{+2.9} \cdot 10^{42}$","$3.46_{-0.78}^{+0.78} \cdot 10^{-12}$","$2.68_{-0.42}^{+0.4} \cdot 10^{-14}$"
